n,iterativo_time,recursivo_time,recursivo_cola_time
25,1.9430008251219988e-06,1.8239989003632218e-06,1.2593998690135777e-05
50,7.894999725976959e-06,5.709989636670798e-07,5.870999302715063e-06
75,1.0458999895490706e-05,2.1939995349384844e-06,8.88700014911592e-06
100,1.7833001038525254e-05,2.9515002097468823e-05,8.325001545017585e-06
125,2.2492000425700098e-05,0.00022999499924480915,9.547999070491642e-06
